time,flux,flux_err
1816.04621,1.0,0.00138
2093.47296,1.0,0.001169
2093.47315,1.0,0.00142
1446.00344,1.0,0.001876
