time,flux,flux_err
798.6279,1.0,0.0008447120885689999
1538.55895,1.0,0.0042333908187896
1908.62433,1.0,0.0006044567095959
2278.52825,1.0,0.0024965627250172
