#name,median,lower_error,upper_error,label,unit
#Fitted parameters,,,
b_rr,0.1015234842910433,0.004087558487622933,0.0034904728039379662,$R_b / R_\star$,
b_rsuma,0.012187297042129064,0.001323205680703321,0.0013924238987588142,$(R_\star + R_b) / a_b$,
b_cosi,0.006907823844447786,0.002280896613976135,0.0018935248177202523,$\cos{i_b}$,
b_epoch,1428.915181792764,0.0019359478594651591,0.0019907808202788146,$T_{0;b}$,BJD
b_period,92.48189697465244,1.0118146552621994,1.0115217795868716,$P_b$,days
host_ldc_q1_TESS_1800s,0.3522413812136509,0.20671357236299992,0.36647727082470194,$q_{1; \mathrm{TESS_1800s}}$,
host_ldc_q2_TESS_1800s,0.33811952053625943,0.23063878042400082,0.36989556032638266,$q_{2; \mathrm{TESS_1800s}}$,
ln_err_flux_TESS_1800s,-7.161021933536395,0.10584196742783014,0.10872673521724696,$\log{\sigma_\mathrm{TESS_1800s}}$,$\log{ \mathrm{rel. flux.} }$
baseline_offset_flux_TESS_1800s,-9.338687978051362e-05,0.0019848007154663347,0.0020700462284390293,$\mathrm{gp: \log{\sigma} (TESS_1800s)}$,
