#name,median,lower_error,upper_error,label,unit
#Fitted parameters,,,
b_rr,0.09782702565282461,0.0030432674744662325,0.002850607217886811,$R_b / R_\star$,
b_rsuma,0.01118507963409041,0.0010111519373905212,0.0010189068731240383,$(R_\star + R_b) / a_b$,
b_cosi,0.005075106258158888,0.002454603128023335,0.0016946962763027332,$\cos{i_b}$,
b_epoch,2458521.401920982,0.0015585143119096756,0.0015140632167458534,$T_{0;b}$,BJD
b_period,92.49443108043137,0.0012228525080644204,0.0011849908774763662,$P_b$,days
host_ldc_q1_TESS_1800s,0.4299755983408199,0.220252109677718,0.33382698676038913,$q_{1; \mathrm{TESS_1800s}}$,
host_ldc_q2_TESS_1800s,0.31101087243314485,0.19679987082716083,0.3358461183989354,$q_{2; \mathrm{TESS_1800s}}$,
ln_err_flux_TESS_1800s,-6.827970421138094,0.05148651252309211,0.05288836062791091,$\log{\sigma_\mathrm{TESS_1800s}}$,$\log{ \mathrm{rel. flux.} }$
baseline_offset_flux_TESS_1800s,-4.442635337003915e-05,0.001974855826370208,0.0020330720126926563,$\mathrm{gp: \log{\sigma} (TESS_1800s)}$,
