#name,median,lower_error,upper_error,label,unit
#Fitted parameters,,,
b_rr,0.09779179731409995,0.0038502687620465548,0.0034593578857230467,$R_b / R_\star$,
b_rsuma,0.011457300780888142,0.0012455855902397499,0.0013662219629959546,$(R_\star + R_b) / a_b$,
b_cosi,0.005483122182577745,0.0031217139141643405,0.0021451144757932347,$\cos{i_b}$,
b_epoch,1521.401907000328,0.001601338906766614,0.001595498089272951,$T_{0;b}$,BJD
b_period,92.48791951389174,0.0021638894536124553,0.002177181940467676,$P_b$,days
host_ldc_q1_TESS_1800s,0.42387370985359213,0.22722502497882097,0.3511263535429567,$q_{1; \mathrm{TESS_1800s}}$,
host_ldc_q2_TESS_1800s,0.3092971151360705,0.1991952777870388,0.35589240023254,$q_{2; \mathrm{TESS_1800s}}$,
ln_err_flux_TESS_1800s,-6.799937214892935,0.05711847130734338,0.061418252519728433,$\log{\sigma_\mathrm{TESS_1800s}}$,$\log{ \mathrm{rel. flux.} }$
baseline_offset_flux_TESS_1800s,0.00020656746568062205,0.0021407766572883375,0.0018894160632128955,$\mathrm{gp: \log{\sigma} (TESS_1800s)}$,
